순번,코드,코드명,ETF기초지수명,유형분류(대),유형분류(중),유형분류(소),상장일,상장폐지일
1,A069500,KODEX 200,코스피 200,국내주식형,인덱스주식,인덱스주식코스피200,20021014,
5,A396500,TIGER 반도체TOP10,FnGuide 반도체TOP10 지수,국내주식형,인덱스주식,인덱스주식기타,20210810,
8,A229200,KODEX 코스닥150,코스닥 150,국내주식형,인덱스주식,인덱스주식기타,20151001,
9,A102110,TIGER 200,코스피 200,국내주식형,인덱스주식,인덱스주식코스피200,20080403,
10,A278530,KODEX 200TR,코스피 200 TR지수,국내주식형,인덱스주식,인덱스주식코스피200,20171121,
17,A310970,TIGER MSCI Korea TR,MSCI Korea TR Index,국내주식형,인덱스주식,인덱스주식기타,20181120,
18,A091160,KODEX 반도체,KRX 반도체,국내주식형,인덱스주식,인덱스주식섹터,20060627,
25,A148020,RISE 200,코스피 200,국내주식형,인덱스주식,인덱스주식코스피200,20111020,
29,A102780,KODEX 삼성그룹,MKF 삼성그룹지수,국내주식형,인덱스주식,인덱스주식기타,20080521,
33,A292150,TIGER 코리아TOP10,FnGuide TOP10 지수,국내주식형,인덱스주식,인덱스주식기타,20180330,
34,A278540,KODEX MSCI Korea TR,MSCI Korea TR Index,국내주식형,인덱스주식,인덱스주식기타,20171109,
35,A395160,KODEX AI반도체,FnGuide AI반도체지수,국내주식형,인덱스주식,인덱스주식기타,20210730,
36,A232080,TIGER 코스닥150,코스닥 150,국내주식형,인덱스주식,인덱스주식기타,20151112,
39,A466920,SOL 조선TOP3플러스,FnGuide 조선TOP3플러스지수(PR),국내주식형,인덱스주식,인덱스주식기타,20231005,
40,A449450,PLUS K방산,FnGuide K-방위산업 지수,국내주식형,인덱스주식,인덱스주식기타,20230105,
42,A305720,KODEX 2차전지산업,FnGuide 2차전지 산업 지수,국내주식형,인덱스주식,인덱스주식섹터,20180912,
44,A487240,KODEX AI전력핵심설비,iSelect AI 전력핵심설비 지수(Price Return),국내주식형,인덱스주식,인덱스주식기타,20240709,
46,A294400,KIWOOM 200TR,코스피 200 TR지수,국내주식형,인덱스주식,인덱스주식코스피200,20180423,
47,A395270,HANARO Fn K-반도체,FnGuide K-반도체 지수 (시장가격),국내주식형,인덱스주식,인덱스주식기타,20210730,
51,A315930,KODEX Top5PlusTR,FnGuide TOP 5 Plus Total Return 지수,국내주식형,인덱스주식,인덱스주식기타,20190122,
57,A105190,ACE 200,코스피 200,국내주식형,인덱스주식,인덱스주식코스피200,20080925,
61,A152100,PLUS 200,코스피 200,국내주식형,인덱스주식,인덱스주식코스피200,20120110,
70,A305540,TIGER 2차전지테마,WISE 2차전지 테마 지수,국내주식형,인덱스주식,인덱스주식섹터,20180912,
75,A455850,SOL AI반도체소부장,FnGuide AI 반도체 소부장 지수,국내주식형,인덱스주식,인덱스주식기타,20230425,
77,A494670,TIGER 조선TOP10,iSelect 조선TOP10 Index(PR),국내주식형,인덱스주식,인덱스주식기타,20241022,
84,A102970,KODEX 증권,KRX 증권,국내주식형,인덱스주식,인덱스주식섹터,20080529,
90,A139260,TIGER 200 IT,코스피 200 정보기술,국내주식형,인덱스주식,인덱스주식섹터,20110406,
91,A463250,TIGER K방산&우주,iSelect K방산&우주,국내주식형,인덱스주식,인덱스주식기타,20230725,
94,A226490,KODEX 코스피,코스피지수,국내주식형,인덱스주식,인덱스주식기타,20150824,
95,A091230,TIGER 반도체,KRX 반도체,국내주식형,인덱스주식,인덱스주식섹터,20060627,
100,A495050,RISE 코리아밸류업,코리아 밸류업 지수,국내주식형,인덱스주식,인덱스주식기타,20241104,
101,A434730,HANARO 원자력iSelect,iSelect 원자력지수 (시장가격),국내주식형,인덱스주식,인덱스주식기타,20220628,
107,A462010,TIGER 2차전지소재Fn,FnGuide 2차전지소재 (Price Return) 지수,국내주식형,인덱스주식,인덱스주식기타,20230713,
108,A138540,TIGER 현대차그룹플러스,MKF 현대차그룹+ FW,국내주식형,인덱스주식,인덱스주식기타,20110310,
115,A237350,KODEX 코스피100,코스피 100,국내주식형,인덱스주식,인덱스주식기타,20160127,
120,A495850,KODEX 코리아밸류업,코리아 밸류업 지수,국내주식형,인덱스주식,인덱스주식기타,20241104,
125,A0091P0,TIGER 코리아원자력,iSelect 코리아 원자력 지수 (Price Return),국내주식형,인덱스주식,인덱스주식기타,20250819,
133,A069660,KIWOOM 200,코스피 200,국내주식형,인덱스주식,인덱스주식코스피200,20021014,
139,A0080G0,KODEX 방산TOP10,iSelect 방산 TOP10 지수(Price Return),국내주식형,인덱스주식,인덱스주식기타,20250715,
140,A0117V0,TIGER 코리아AI전력기기TOP3플러스,KEDI 코리아AI전력기기TOP3플러스 지수,국내주식형,인덱스주식,인덱스주식기타,20251021,
142,A364980,TIGER 2차전지TOP10,KRX 2차전지 TOP 10 지수,국내주식형,인덱스주식,인덱스주식섹터,20201007,
143,A091180,KODEX 자동차,KRX 자동차,국내주식형,인덱스주식,인덱스주식섹터,20060627,
144,A469150,ACE AI반도체TOP3+,FnGuide AI 반도체 TOP3+ 지수,국내주식형,인덱스주식,인덱스주식기타,20231017,
147,A293180,HANARO 200,코스피 200,국내주식형,인덱스주식,인덱스주식코스피200,20180330,
149,A270810,RISE 코스닥150,코스닥 150,국내주식형,인덱스주식,인덱스주식기타,20170616,
158,A469070,RISE AI&로봇,iSelect AI&로봇 지수(시장가격),국내주식형,인덱스주식,인덱스주식기타,20231024,
162,A091170,KODEX 은행,KRX 은행,국내주식형,인덱스주식,인덱스주식섹터,20060627,
173,A471990,KODEX AI반도체핵심장비,iSelect AI 반도체핵심장비 지수,국내주식형,인덱스주식,인덱스주식기타,20231121,
176,A496080,TIGER 코리아밸류업,코리아 밸류업 지수,국내주식형,인덱스주식,인덱스주식기타,20241104,
177,A361580,RISE 200TR,코스피 200 TR지수,국내주식형,인덱스주식,인덱스주식코스피200,20200821,
182,A139230,TIGER 200 중공업,코스피 200 중공업,국내주식형,인덱스주식,인덱스주식섹터,20110406,
185,A277630,TIGER 코스피,코스피지수,국내주식형,인덱스주식,인덱스주식기타,20170831,
188,A295040,SOL 200TR,코스피 200 TR지수,국내주식형,인덱스주식,인덱스주식코스피200,20180423,
189,A157500,TIGER 증권,FnGuide 증권 지수,국내주식형,인덱스주식,인덱스주식섹터,20120516,
194,A302450,RISE 코스피,코스피지수,국내주식형,인덱스주식,인덱스주식기타,20180724,
204,A307520,TIGER 지주회사,FnGuide 지주회사 지수,국내주식형,인덱스주식,인덱스주식기타,20181108,
211,A421320,PLUS 우주항공&UAM,iSelect 우주항공UAM지수,국내주식형,인덱스주식,인덱스주식기타,20220329,
224,A244580,KODEX 바이오,FnGuide 바이오 지수,국내주식형,인덱스주식,인덱스주식섹터,20160513,
225,A228790,TIGER 화장품,WISE 화장품 지수,국내주식형,인덱스주식,인덱스주식섹터,20151007,
229,A433500,ACE 원자력TOP10,DeepSearch 원자력 TOP 10 지수 (시장가격지수),국내주식형,인덱스주식,인덱스주식기타,20220628,
235,A364970,TIGER 바이오TOP10,KRX 바이오 TOP 10 지수,국내주식형,인덱스주식,인덱스주식섹터,20201007,
238,A290130,RISE ESG사회책임투자,KRX ESG 사회책임경영(S)지수,국내주식형,인덱스주식,인덱스주식기타,20180227,
242,A0098F0,KODEX 원자력SMR,iSelect 원자력SMR 지수(Price Return),국내주식형,인덱스주식,인덱스주식기타,20250916,
244,A0000J0,PLUS 한화그룹주,FnGuide 한화그룹주 지수,국내주식형,인덱스주식,인덱스주식기타,20241224,
255,A354500,ACE 코스닥150,코스닥 150,국내주식형,인덱스주식,인덱스주식기타,20200507,
260,A310960,TIGER 200TR,코스피 200 TR지수,국내주식형,인덱스주식,인덱스주식코스피200,20181120,
262,A0093A0,RISE AI반도체TOP10,FnGuide AI반도체TOP10 지수,국내주식형,인덱스주식,인덱스주식기타,20250826,
268,A466930,SOL 자동차TOP3플러스,FnGuide 자동차TOP3플러스지수(PR),국내주식형,인덱스주식,인덱스주식기타,20231005,
269,A461950,KODEX 2차전지핵심소재10,FnGuide 2차전지핵심소재10 지수,국내주식형,인덱스주식,인덱스주식기타,20230704,
287,A143860,TIGER 헬스케어,KRX 헬스케어,국내주식형,인덱스주식,인덱스주식섹터,20110718,
289,A0101N0,RISE AI전력인프라,KRX-Akros AI 전력인프라 지수,국내주식형,인덱스주식,인덱스주식섹터,20250923,
292,A213610,KODEX 삼성그룹밸류,WISE 삼성그룹밸류 인덱스,국내주식형,인덱스주식,인덱스주식기타,20150108,
298,A332930,HANARO 200TR,코스피 200 TR지수,국내주식형,인덱스주식,인덱스주식코스피200,20190828,
300,A471760,TIGER AI반도체핵심공정,iSelect AI반도체핵심공정지수,국내주식형,인덱스주식,인덱스주식기타,20231121,
307,A367760,RISE 네트워크인프라,FnGuide 네트워크 인프라 지수,국내주식형,인덱스주식,인덱스주식기타,20201029,
318,A0005D0,SOL 전고체배터리&실리콘음극재,FnGuide 전고체배터리&실리콘음극재 지수(PR),국내주식형,인덱스주식,인덱스주식기타,20250107,
323,A325010,KODEX 성장주,FnGuide 성장 지수(PR),국내주식형,인덱스주식,인덱스주식기타,20190531,
331,A455860,SOL 2차전지소부장Fn,FnGuide 2차전지 소부장 지수(PR),국내주식형,인덱스주식,인덱스주식기타,20230425,
332,A0092B0,SOL 한국원자력SMR,FnGuide 한국원자력 SMR 지수(PR),국내주식형,인덱스주식,인덱스주식기타,20250819,
334,A475050,ACE KPOP포커스,iSelect K-POP 포커스지수(시장가격),국내주식형,인덱스주식,인덱스주식기타,20240130,
336,A332500,ACE 200TR,코스피 200 TR지수,국내주식형,인덱스주식,인덱스주식코스피200,20190828,
346,A367770,RISE 수소경제테마,FnGuide 수소경제테마 지수,국내주식형,인덱스주식,인덱스주식기타,20201029,
349,A490480,SOL K방산,KEDI K방산 지수(PR),국내주식형,인덱스주식,인덱스주식기타,20241002,
355,A0115D0,KODEX 조선TOP10,KRX 조선 TOP10 지수,국내주식형,인덱스주식,인덱스주식섹터,20251028,
368,A152870,파워 200,코스피 200,국내주식형,인덱스주식,인덱스주식코스피200,20120213,
373,A228810,TIGER 미디어컨텐츠,WISE 미디어컨텐츠 지수,국내주식형,인덱스주식,인덱스주식섹터,20151007,
377,A495550,SOL 코리아밸류업TR,코리아 밸류업 TR 지수,국내주식형,인덱스주식,인덱스주식기타,20241104,
379,A469170,ACE 포스코그룹포커스,FnGuide 포스코그룹포커스 지수(시장가격),국내주식형,인덱스주식,인덱스주식기타,20231017,
383,A157490,TIGER 소프트웨어,FnGuide 소프트웨어 지수,국내주식형,인덱스주식,인덱스주식섹터,20120516,
386,A328370,PLUS 코스피TR,코스피 TR,국내주식형,인덱스주식,인덱스주식기타,20190625,
388,A454320,HANARO CAPEX설비투자iSelect,iSelect CAPEX 설비투자 지수(시장가격),국내주식형,인덱스주식,인덱스주식기타,20230418,
389,A491820,HANARO 전력설비투자,iSelect 전력설비투자 지수,국내주식형,인덱스주식,인덱스주식기타,20240924,
396,A363580,KODEX 200IT TR,코스피 200 정보기술 TR,국내주식형,인덱스주식,인덱스주식섹터,20200925,
398,A359210,KODEX 코스피TR,코스피 TR,국내주식형,인덱스주식,인덱스주식기타,20200721,
405,A496090,KIWOOM 코리아밸류업,코리아 밸류업 지수,국내주식형,인덱스주식,인덱스주식기타,20241104,
407,A448100,WON 200,코스피 200,국내주식형,인덱스주식,인덱스주식코스피200,20221216,
411,A364960,TIGER BBIG,KRX BBIG 지수,국내주식형,인덱스주식,인덱스주식섹터,20201007,
412,A441540,HANARO Fn조선해운,FnGuide 조선해운지수,국내주식형,인덱스주식,인덱스주식기타,20220915,
414,A0115E0,KODEX 코리아소버린AI,KRX 코리아 소버린 AI 지수,국내주식형,인덱스주식,인덱스주식섹터,20251021,
421,A495330,1Q 코리아밸류업,코리아 밸류업 지수,국내주식형,인덱스주식,인덱스주식기타,20241104,
423,A401170,RISE 메타버스,iSelect 메타버스 지수(시장가격지수),국내주식형,인덱스주식,인덱스주식기타,20211013,
427,A266420,KODEX 헬스케어,KRX 헬스케어,국내주식형,인덱스주식,인덱스주식섹터,20170328,
428,A377990,TIGER Fn신재생에너지,FnGuide 신재생에너지 지수,국내주식형,인덱스주식,인덱스주식기타,20210305,
433,A138520,TIGER 삼성그룹,MKF SAMs FW,국내주식형,인덱스주식,인덱스주식기타,20110307,
434,A261070,TIGER 코스닥150바이오테크,코스닥 150 생명기술,국내주식형,인덱스주식,인덱스주식섹터,20161215,
438,A122090,PLUS 코스피50,코스피 50,국내주식형,인덱스주식,인덱스주식기타,20100107,
439,A337160,KODEX 200ESG,코스피 200 ESG 지수,국내주식형,인덱스주식,인덱스주식기타,20191114,
445,A332940,HANARO MSCI Korea TR,MSCI Korea TR Index,국내주식형,인덱스주식,인덱스주식기타,20190828,
456,A108450,ACE 삼성그룹섹터가중,MKF SAMs SW,국내주식형,인덱스주식,인덱스주식기타,20090203,
457,A228800,TIGER 여행레저,WISE 여행레저 지수,국내주식형,인덱스주식,인덱스주식섹터,20151007,
458,A326240,RISE IT플러스,FnGuide IT플러스 지수,국내주식형,인덱스주식,인덱스주식기타,20190620,
461,A475300,SOL 반도체전공정,FnGuide 반도체 전공정 지수(PR),국내주식형,인덱스주식,인덱스주식기타,20240214,
467,A475310,SOL 반도체후공정,FnGuide 반도체 후공정 지수(PR),국내주식형,인덱스주식,인덱스주식기타,20240214,
472,A457990,PLUS 태양광&ESS,FnGuide 태양광&ESS 지수,국내주식형,인덱스주식,인덱스주식기타,20230620,
473,A0007N0,아이엠에셋 200,코스피 200,국내주식형,인덱스주식,인덱스주식코스피200,20250211,
480,A465330,RISE 2차전지TOP10,iSelect 2차전지 TOP10 지수(PR),국내주식형,인덱스주식,인덱스주식기타,20230912,
482,A491700,HK 200,코스피 200,국내주식형,인덱스주식,인덱스주식코스피200,20240910,
493,A252650,KODEX 200동일가중,코스피 200 동일가중지수,국내주식형,인덱스주식,인덱스주식기타,20160920,
496,A150460,TIGER 중국소비테마,FnGuide 중국내수테마 지수,국내주식형,인덱스주식,인덱스주식기타,20111216,
497,A395290,HANARO Fn K-POP&미디어,FnGuide K-POP&미디어 지수 (시장가격),국내주식형,인덱스주식,인덱스주식기타,20210730,
500,A0008T0,SOL 화장품TOP3플러스,FnGuide 화장품TOP3 플러스 지수(PR),국내주식형,인덱스주식,인덱스주식기타,20250121,
501,A316670,KIWOOM 코스닥150,코스닥 150,국내주식형,인덱스주식,인덱스주식기타,20190122,
504,A495040,PLUS 코리아밸류업,코리아 밸류업 지수,국내주식형,인덱스주식,인덱스주식기타,20241104,
511,A117700,KODEX 건설,KRX 건설,국내주식형,인덱스주식,인덱스주식섹터,20091030,
519,A292190,KODEX KRX300,KRX 300,국내주식형,인덱스주식,인덱스주식KRX300,20180326,
524,A298770,KODEX 한국대만IT프리미어,한국 대만 IT 프리미어지수(KRW),국내주식형,인덱스주식,인덱스주식섹터,20180611,
525,A337140,KODEX 코스피대형주,코스피 대형주 지수,국내주식형,인덱스주식,인덱스주식기타,20191114,
527,A395170,KODEX Top10동일가중,FnGuide TOP10 동일가중 지수,국내주식형,인덱스주식,인덱스주식기타,20210730,
528,A400970,TIGER Fn메타버스,FnGuide 메타버스테마 지수,국내주식형,인덱스주식,인덱스주식기타,20211013,
530,A487750,BNK 온디바이스AI,FnGuide 온디바이스AI 지수,국내주식형,인덱스주식,인덱스주식기타,20240723,
533,A139220,TIGER 200 건설,코스피 200 건설,국내주식형,인덱스주식,인덱스주식섹터,20110406,
535,A434960,DAISHIN343 K200,코스피 200,국내주식형,인덱스주식,인덱스주식코스피200,20220628,
538,A0005G0,ITF K-AI반도체코어테크,FnGuide K-AI반도체 코어테크 지수,국내주식형,인덱스주식,인덱스주식기타,20250121,
539,A450910,SOL 코스닥150,코스닥 150,국내주식형,인덱스주식,인덱스주식기타,20230131,
542,A365000,TIGER 인터넷TOP10,KRX 인터넷 TOP 10,국내주식형,인덱스주식,인덱스주식섹터,20201007,
555,A495750,HANARO 코리아밸류업,코리아 밸류업 지수,국내주식형,인덱스주식,인덱스주식기타,20241104,
558,A266370,KODEX IT,KRX 정보기술,국내주식형,인덱스주식,인덱스주식섹터,20170328,
560,A139280,TIGER 경기방어,코스피 200 경기방어소비재,국내주식형,인덱스주식,인덱스주식섹터,20110406,
561,A140700,KODEX 보험,KRX 보험,국내주식형,인덱스주식,인덱스주식섹터,20110426,
564,A266360,KODEX K콘텐츠,KRX K콘텐츠,국내주식형,인덱스주식,인덱스주식섹터,20170328,
567,A277640,TIGER 코스피대형주,코스피 대형주 지수,국내주식형,인덱스주식,인덱스주식기타,20170831,
569,A0098Z0,FOCUS 200,코스피 200,국내주식형,인덱스주식,인덱스주식코스피200,20250923,
580,A375770,KODEX 탄소효율그린뉴딜,KRX/S&P 탄소효율 그린뉴딜지수,국내주식형,인덱스주식,인덱스주식기타,20210205,
583,A322400,HANARO e커머스,FnGuide E커머스 지수(시장가격),국내주식형,인덱스주식,인덱스주식기타,20190423,
585,A461580,TIGER 코스닥글로벌,코스닥 글로벌 지수,국내주식형,인덱스주식,인덱스주식기타,20230629,
591,A491220,PLUS 200TR,코스피 200 TR지수,국내주식형,인덱스주식,인덱스주식코스피200,20240910,
596,A139270,TIGER 200 금융,코스피 200 금융,국내주식형,인덱스주식,인덱스주식섹터,20110406,
597,A261060,TIGER 코스닥150IT,코스닥 150 정보기술,국내주식형,인덱스주식,인덱스주식섹터,20161215,
600,A479850,HANARO K-뷰티,FnGuide K-뷰티 지수,국내주식형,인덱스주식,인덱스주식기타,20240416,
614,A261140,TIGER 우선주,코스피 우선주 지수,국내주식형,인덱스주식,인덱스주식기타,20170106,
627,A364990,TIGER 게임TOP10,KRX 게임 TOP 10 지수,국내주식형,인덱스주식,인덱스주식섹터,20201007,
632,A140950,파워 코스피100,코스피 100,국내주식형,인덱스주식,인덱스주식기타,20110503,
636,A300950,KODEX 게임산업,FnGuide 게임 산업 지수,국내주식형,인덱스주식,인덱스주식섹터,20180724,
643,A305050,ACE 코스피,코스피지수,국내주식형,인덱스주식,인덱스주식기타,20181005,
645,A0141S0,SOL 조선기자재,FnGuide 조선기자재 지수(PR),국내주식형,인덱스주식,인덱스주식기타,20251216,
646,A388280,RISE K엔터&여행레저,FnGuide K엔터&여행레저 지수,국내주식형,인덱스주식,인덱스주식기타,20210610,
653,A117460,KODEX 에너지화학,KRX 에너지화학,국내주식형,인덱스주식,인덱스주식섹터,20091012,
656,A275300,KODEX 우량주,MSCI Korea IMI Quality Capped,국내주식형,인덱스주식,인덱스주식기타,20170711,
662,A461450,KODEX 코스닥글로벌,코스닥 글로벌 지수,국내주식형,인덱스주식,인덱스주식기타,20230629,
665,A368190,HANARO Fn K-뉴딜디지털플러스,FnGuide K-뉴딜 디지털 플러스 지수,국내주식형,인덱스주식,인덱스주식기타,20201110,
668,A227540,TIGER 200 헬스케어,코스피 200 헬스케어,국내주식형,인덱스주식,인덱스주식섹터,20150923,
672,A156080,KODEX MSCI Korea,MSCI Korea Index,국내주식형,인덱스주식,인덱스주식기타,20120430,
673,A304770,HANARO 코스닥150,코스닥 150,국내주식형,인덱스주식,인덱스주식기타,20180814,
675,A147970,TIGER 모멘텀,FnGuide 모멘텀 지수,국내주식형,인덱스주식,인덱스주식기타,20111026,
680,A476260,HANARO 반도체핵심공정주도주,FnGuide 반도체 핵심공정 주도주 지수,국내주식형,인덱스주식,인덱스주식기타,20240227,
688,A0112X0,마이티 200TR,코스피 200 TR지수,국내주식형,인덱스주식,인덱스주식기타,20251028,
696,A139250,TIGER 200 에너지화학,코스피 200 에너지/화학,국내주식형,인덱스주식,인덱스주식섹터,20110406,
699,A300640,RISE 게임테마,WISE 게임 테마 지수 (시장가격지수),국내주식형,인덱스주식,인덱스주식섹터,20180724,
702,A105780,RISE 5대그룹주,MKF 5대그룹주,국내주식형,인덱스주식,인덱스주식기타,20081022,
707,A100910,KIWOOM KRX100,KRX 100,국내주식형,인덱스주식,인덱스주식기타,20080123,
710,A153270,KIWOOM 코스피100,코스피 100,국내주식형,인덱스주식,인덱스주식기타,20120228,
711,A0103T0,1Q K소버린AI,iSelect K소버린AI 지수,국내주식형,인덱스주식,인덱스주식기타,20250930,
712,A0088N0,WON K-글로벌수급상위,DeepSearch 외인수급 Top20 지수,국내주식형,인덱스주식,인덱스주식기타,20250812,
716,A411540,SOL 200 Top10,KOSPI 200 Top 10 지수(시장가격),국내주식형,인덱스주식,인덱스주식기타,20211209,
717,A275280,KODEX 모멘텀주,MSCI Korea IMI Momentum Capped,국내주식형,인덱스주식,인덱스주식기타,20170711,
719,A284980,RISE 200금융,코스피 200 금융,국내주식형,인덱스주식,인덱스주식섹터,20171208,
721,A117680,KODEX 철강,KRX 철강,국내주식형,인덱스주식,인덱스주식섹터,20091030,
727,A472840,ITF 200,코스피 200,국내주식형,인덱스주식,인덱스주식코스피200,20231221,
734,A223190,KODEX 200가치저변동,코스피 200 가치저변동성 지수,국내주식형,인덱스주식,인덱스주식기타,20150626,
738,A226980,KODEX 200 중소형,코스피 200 중소형주지수,국내주식형,인덱스주식,인덱스주식기타,20150901,
739,A407310,HANARO 200 TOP10,KOSPI 200 Top 10 지수(시장가격),국내주식형,인덱스주식,인덱스주식기타,20211124,
740,A252000,TIGER 200동일가중,코스피 200 동일가중지수,국내주식형,인덱스주식,인덱스주식기타,20160920,
742,A138530,TIGER LG그룹플러스,MKF LG그룹+ FW,국내주식형,인덱스주식,인덱스주식기타,20110310,
748,A275290,KODEX 가치주,MSCI Korea IMI Enhanced Value Capped,국내주식형,인덱스주식,인덱스주식기타,20170711,
751,A145850,TREX 펀더멘탈 200,FnGuide-RAFI 코리아200 지수,국내주식형,인덱스주식,인덱스주식기타,20110923,
760,A091220,TIGER 은행,KRX 은행,국내주식형,인덱스주식,인덱스주식섹터,20060627,
763,A417630,TIGER KEDI혁신기업ESG30,KEDI 혁신기업ESG30 지수(시장가격 지수),국내주식형,인덱스주식,인덱스주식기타,20220208,
765,A496120,ACE 코리아밸류업,코리아 밸류업 지수,국내주식형,인덱스주식,인덱스주식기타,20241104,
772,A102960,KODEX 기계장비,KRX 기계장비,국내주식형,인덱스주식,인덱스주식섹터,20080529,
773,A292500,SOL KRX300,KRX 300,국내주식형,인덱스주식,인덱스주식KRX300,20180326,
774,A469790,KIWOOM K-테크TOP10,Solactive K-TechTOP10 Index(PR),국내주식형,인덱스주식,인덱스주식기타,20231031,
777,A292160,TIGER KRX300,KRX 300,국내주식형,인덱스주식,인덱스주식KRX300,20180326,
779,A404260,KODEX 기후변화솔루션,KRX 기후변화 솔루션지수,국내주식형,인덱스주식,인덱스주식기타,20211029,
787,A159800,마이티 코스피100,코스피 100,국내주식형,인덱스주식,인덱스주식기타,20120705,
789,A229720,KODEX KTOP30,KTOP 30,국내주식형,인덱스주식,인덱스주식기타,20151014,
796,A376410,TIGER 탄소효율그린뉴딜,KRX/S&P 탄소효율 그린뉴딜지수,국내주식형,인덱스주식,인덱스주식기타,20210205,
799,A375760,HANARO 탄소효율그린뉴딜,KRX/S&P 탄소효율 그린뉴딜지수,국내주식형,인덱스주식,인덱스주식기타,20210205,
803,A289040,KODEX MSCI KOREA ESG유니버설,MSCI Korea ESG Universal Capped Index,국내주식형,인덱스주식,인덱스주식기타,20180207,
807,A337150,KODEX 200exTOP,코스피 200 초대형제외 지수,국내주식형,인덱스주식,인덱스주식기타,20191114,
811,A301400,PLUS 코스닥150,코스닥 150,국내주식형,인덱스주식,인덱스주식기타,20180705,
814,A0090B0,PLUS K방산소부장,Akros K방산소부장 지수(PR),국내주식형,인덱스주식,인덱스주식기타,20250826,
815,A108590,TREX 200,코스피 200,국내주식형,인덱스주식,인덱스주식코스피200,20090123,
816,A337120,KODEX 멀티팩터,FnGuide 멀티팩터 지수,국내주식형,인덱스주식,인덱스주식기타,20191114,
818,A289250,TIGER MSCI KOREA ESG유니버설,MSCI Korea ESG Universal Index,국내주식형,인덱스주식,인덱스주식기타,20180207,
820,A438900,HANARO Fn K-푸드,FnGuide K-푸드 지수 (시장가격),국내주식형,인덱스주식,인덱스주식기타,20220817,
823,A300610,TIGER K게임,WISE K게임 테마 지수,국내주식형,인덱스주식,인덱스주식섹터,20180724,
824,A367740,HANARO Fn5G산업,FnGuide 5G 산업 지수,국내주식형,인덱스주식,인덱스주식기타,20201029,
827,A289260,TIGER MSCI KOREA ESG리더스,MSCI Korea Country ESG Leaders Capped Index,국내주식형,인덱스주식,인덱스주식기타,20180207,
833,A292050,RISE KRX300,KRX 300,국내주식형,인덱스주식,인덱스주식KRX300,20180326,
834,A464600,SOL 자동차소부장Fn,FnGuide 자동차소부장지수(PR),국내주식형,인덱스주식,인덱스주식기타,20230822,
839,A104520,KIWOOM 블루칩,MKF 블루칩,국내주식형,인덱스주식,인덱스주식기타,20080729,
841,A304760,HANARO KRX300,KRX 300,국내주식형,인덱스주식,인덱스주식KRX300,20180814,
845,A446700,RISE 배터리 리사이클링,iSelect 배터리 리사이클링 지수,국내주식형,인덱스주식,인덱스주식기타,20221101,
853,A227830,PLUS 코스피,코스피지수,국내주식형,인덱스주식,인덱스주식기타,20150923,
855,A266410,KODEX 필수소비재,KRX 필수소비재,국내주식형,인덱스주식,인덱스주식섹터,20170328,
861,A381560,HANARO Fn전기&수소차,FnGuide 전기&수소차 지수 (시장가격),국내주식형,인덱스주식,인덱스주식기타,20210402,
862,A140580,RISE 우량업종대표주,MKF 우량업종대표주 지수,국내주식형,인덱스주식,인덱스주식기타,20110415,
864,A0105D0,SOL 한국AI소프트웨어,KEDI 한국AI소프트웨어 지수(PR),국내주식형,인덱스주식,인덱스주식기타,20250923,
872,A244620,KODEX 모멘텀Plus,FnGuide 모멘텀PLUS 지수,국내주식형,인덱스주식,인덱스주식기타,20160513,
873,A464610,SOL 의료기기소부장Fn,FnGuide 의료기기소부장지수(PR),국내주식형,인덱스주식,인덱스주식기타,20230822,
886,A228820,TIGER KTOP30,KTOP 30,국내주식형,인덱스주식,인덱스주식기타,20151014,
887,A234310,RISE V&S셀렉트밸류,FnGuide 셀렉트밸류 지수,국내주식형,인덱스주식,인덱스주식기타,20160202,
892,A131890,ACE 삼성그룹동일가중,MKF SAMs EW Index,국내주식형,인덱스주식,인덱스주식기타,20100917,
893,A404650,SOL KRX기후변화솔루션,KRX 기후변화 솔루션지수,국내주식형,인덱스주식,인덱스주식기타,20211029,
902,A140710,KODEX 운송,KRX 운송,국내주식형,인덱스주식,인덱스주식섹터,20110426,
905,A395150,KODEX 웹툰&드라마,FnGuide 웹툰&드라마 지수,국내주식형,인덱스주식,인덱스주식기타,20210730,
906,A0138D0,RISE 동학개미,FnGuide 동학개미 지수,국내주식형,인덱스주식,인덱스주식기타,20251216,
909,A280920,PLUS 주도업종,FnGuide 주도업종 지수,국내주식형,인덱스주식,인덱스주식섹터,20171017,
910,A253280,RISE 헬스케어,FnGuide 헬스케어 지수,국내주식형,인덱스주식,인덱스주식섹터,20160923,
911,A395280,HANARO Fn K-게임,FnGuide K-게임 지수 (시장가격),국내주식형,인덱스주식,인덱스주식기타,20210730,
917,A285690,FOCUS ESG리더스,KRX ESG Leaders 150,국내주식형,인덱스주식,인덱스주식기타,20171213,
919,A215620,HK S&P코리아로우볼,S&P Korea 저변동성 지수,국내주식형,인덱스주식,인덱스주식기타,20150325,
921,A0120J0,BNK 카카오그룹포커스,FnGuide 카카오그룹 포커스 지수,국내주식형,인덱스주식,인덱스주식기타,20251202,
926,A326230,RISE 내수주플러스,FnGuide 내수주플러스 지수,국내주식형,인덱스주식,인덱스주식기타,20190620,
938,A266390,KODEX 경기소비재,KRX 경기소비재,국내주식형,인덱스주식,인덱스주식섹터,20170328,
944,A279540,KODEX 최소변동성,KRX 최소변동성 지수,국내주식형,인덱스주식,인덱스주식기타,20171017,
947,A466810,BNK 2차전지양극재,iSelect 2차전지양극재 지수,국내주식형,인덱스주식,인덱스주식기타,20231019,
953,A483020,KIWOOM 의료AI,FnGuide 의료AI 지수,국내주식형,인덱스주식,인덱스주식기타,20240528,
954,A380340,ACE 코리아AI테크핵심산업,FnGuide 코리아AI테크핵심산업지수 (Price Return),국내주식형,인덱스주식,인덱스주식기타,20210402,
958,A140570,RISE 수출주,MKF 수출주 지수,국내주식형,인덱스주식,인덱스주식기타,20110415,
971,A139290,TIGER 200 경기소비재,코스피 200 경기소비재,국내주식형,인덱스주식,인덱스주식섹터,20110406,
972,A174350,TIGER 로우볼,FnGuide 로우볼 지수,국내주식형,인덱스주식,인덱스주식기타,20130620,
975,A381570,HANARO Fn친환경에너지,FnGuide 친환경에너지 지수 (시장가격),국내주식형,인덱스주식,인덱스주식기타,20210402,
985,A488200,KIWOOM K-2차전지북미공급망,Solactive K-Battery North America Supply Chain 지수,국내주식형,인덱스주식,인덱스주식기타,20240723,
989,A368680,KODEX K-뉴딜디지털플러스,FnGuide K-뉴딜 디지털 플러스 지수,국내주식형,인덱스주식,인덱스주식기타,20201110,
993,A404540,TIGER KRX기후변화솔루션,KRX 기후변화 솔루션지수,국내주식형,인덱스주식,인덱스주식기타,20211029,
994,A227570,TIGER 우량가치,FnGuide 퀄리티 밸류 지수,국내주식형,인덱스주식,인덱스주식기타,20150923,
997,A139240,TIGER 200 철강소재,코스피 200 철강/소재,국내주식형,인덱스주식,인덱스주식섹터,20110406,
999,A315270,TIGER 200커뮤니케이션서비스,코스피 200 커뮤니케이션서비스,국내주식형,인덱스주식,인덱스주식섹터,20190115,
1000,A244670,KODEX 밸류Plus,FnGuide 밸류PLUS 지수,국내주식형,인덱스주식,인덱스주식기타,20160513,
1005,A307510,TIGER 의료기기,FnGuide 의료기기 지수,국내주식형,인덱스주식,인덱스주식섹터,20181108,
1006,A402460,HANARO Fn K-메타버스MZ,FnGuide K-메타버스 MZ 지수(시장가격),국내주식형,인덱스주식,인덱스주식기타,20211013,
1009,A407300,HANARO Fn골프테마,FnGuide 골프 테마 지수(시장가격),국내주식형,인덱스주식,인덱스주식기타,20211124,
1010,A314700,HANARO 농업융복합산업,FnGuide 농업융복합산업지수(시장가격),국내주식형,인덱스주식,인덱스주식기타,20181221,
1033,A427120,RISE AI플랫폼,FnGuide AI 플랫폼 지수,국내주식형,인덱스주식,인덱스주식기타,20220517,
1040,A244660,KODEX 퀄리티Plus,FnGuide 퀄리티PLUS 지수,국내주식형,인덱스주식,인덱스주식기타,20160513,
1043,A226380,ACE Fn성장소비주도주,FnGuide 성장소비주도 지수,국내주식형,인덱스주식,인덱스주식기타,20150819,
1048,A266550,PLUS 중형주저변동50,FnGuide 중형주저변동50지수,국내주식형,인덱스주식,인덱스주식기타,20170328,
1049,A277650,TIGER 코스피중형주,코스피 중형주 지수,국내주식형,인덱스주식,인덱스주식기타,20170831,
1050,A227560,TIGER 200 생활소비재,코스피 200 생활소비재,국내주식형,인덱스주식,인덱스주식섹터,20150923,
1051,A488210,KIWOOM K-반도체북미공급망,Solactive K-Semiconductor North America Supply Chain 지수,국내주식형,인덱스주식,인덱스주식기타,20240723,
1056,A227550,TIGER 200 산업재,코스피 200 산업재,국내주식형,인덱스주식,인덱스주식섹터,20150923,
